isbn,title,author,genre,publish_date,pages
978-1-968741-44-0,Student company better,Denise Adams,Fiction,1973-12-13,418
978-0-04-669613-9,Tough kid,Lauren Gonzalez,Self-help,1957-08-14,301
978-0-490-29659-6,Once loss compare,Stephanie Hernandez,Fiction,2006-08-30,422
978-1-304-33605-7,Street still reflect man,Gregory Chen,Fiction,2004-11-21,965
978-1-288-39300-8,General left between oil face,Benjamin Jimenez,Romance,2003-01-19,514
978-0-210-14253-0,Range where industry,Michelle Freeman,Self-help,1989-04-09,843
978-0-476-70834-1,Forget reflect religious election,Jessica Ford,Non-Fiction,2001-01-18,645
978-0-7232-4806-4,Movement big,Alexis Martinez,Romance,2000-02-06,464
978-0-656-84963-5,Floor speak,Tyler Franklin,Philosophy,1967-10-11,466
978-1-307-42497-3,Hair school nothing what Mrs,Daniel Clayton,Philosophy,2000-11-30,53
978-0-13-285518-1,Sometimes any it large,Jason Washington,Self-help,2015-10-03,374
978-1-313-29148-4,Share idea about,Kyle Mcmillan,Non-Fiction,1998-12-10,90
978-0-260-70443-6,Red life you herself,Kirk Adams,Science,2001-02-07,614
978-1-08-252465-3,Baby modern beautiful,Zoe Jones,Fantasy,1978-05-11,938
978-0-244-58728-4,Over north mouth end,Steven Dennis,Romance,2002-10-26,837
978-1-363-32955-7,Take production book way,Danielle Morales,Fiction,1956-11-27,762
978-0-909588-91-5,Clearly why blue,Ronald Gonzalez,Fiction,1993-05-24,332
978-0-596-41120-6,Art standard line tonight behind,Dennis Harris,Non-Fiction,1969-03-14,855
978-1-60580-457-6,Baby themselves never one,Angela Ellis,Biography,1993-06-16,566
978-1-79351-209-3,Sort bag white,Dennis Gregory,Non-Fiction,1959-05-28,829
978-0-7576-6149-5,Member fund a civil,Ronald Cox,Science,1970-11-29,934
978-1-75607-330-2,Than star suddenly economy,Sherri Davis,History,2005-06-11,112
978-1-64752-155-4,Accept real southern,John Hayes,Fiction,1986-12-11,387
978-1-242-04943-9,Director page who,Mr. Steven Webb,Non-Fiction,2023-12-19,987
978-1-914817-75-5,New single manage special,Kayla Morrison,Biography,2020-04-08,247
978-1-81604-714-4,Popular best take,Heather Dudley,Fantasy,1967-04-03,227
978-1-106-16973-0,Human civil method have,Eric Harris,Self-help,1981-10-24,192
978-0-390-89584-4,Quality minute account,Thomas Allen,History,1997-03-12,270
978-0-237-02745-2,Husband town lawyer huge often,Sylvia Simmons,Romance,1986-05-25,570
978-1-69169-327-6,Travel daughter young medical,Lisa Jordan,Self-help,1980-08-23,758
978-0-04-555250-4,These family culture nor,Haley Carlson,History,2017-11-16,971
978-0-554-70364-0,Later picture in point,Jackson Weaver,Biography,2016-03-29,397
978-0-346-02917-0,Draw everybody too,Cory Baker,Science,1966-08-11,482
978-0-606-50506-2,Another head,Dr. Jeffrey Torres,History,1988-01-22,248
978-1-926940-05-2,Song seek stay,Brian Ellis,Self-help,1979-07-10,832
978-1-9732-9178-7,Simple require,Bradley Roberts,Self-help,1971-09-19,653
978-1-4733-2882-2,Citizen song might,Carrie Santos,Biography,1977-12-25,540
978-1-59609-368-3,Prepare pass,Shelley Washington,Philosophy,1967-01-27,835
978-1-72482-392-2,In paper hope once middle,Tracy Moore,History,1977-06-08,159
978-1-75404-477-9,Personal movement base,Nicholas Contreras,Mystery,2011-08-11,736
978-0-332-96283-2,Situation me talk,Connie Jones,Philosophy,1972-01-09,640
978-0-10-463309-0,However environment cost,Joseph Phillips,Fiction,2022-08-03,583
978-1-76711-987-7,Responsibility look really,Amanda Miller,Self-help,2015-12-21,430
978-1-69366-762-6,Suffer including key,Nicholas Hayes,Non-Fiction,1982-01-14,287
978-0-263-85500-5,Later arrive issue and along,Garrett Lutz,History,1971-01-29,482
978-0-452-45388-3,Glass for song enter while,Kyle Barry,Philosophy,1982-05-14,926
978-1-232-82169-4,Human recently truth,Michael Armstrong,Romance,2018-02-20,562
978-0-567-45931-2,Very fact bag life drive,Amanda Bailey,Fantasy,2019-09-18,865
978-0-01-375751-1,Either fish back analysis piece,Garrett Zamora,Non-Fiction,2012-03-30,770
978-0-222-52618-2,Sense report skin,Diana Simon,Mystery,1978-07-09,82
978-1-76946-232-2,Per vote,Todd Kelly III,Science,1994-05-10,984
978-0-9591829-3-4,Fly network voice position,Christopher Schultz,Romance,1970-08-23,77
978-1-70902-385-9,When wall,Christopher Hoffman,Philosophy,1996-03-13,593
978-1-82610-994-8,Impact develop fear goal,Mary Reeves,Non-Fiction,1967-01-20,701
978-0-89940-050-1,Poor draw space off crime,Kim Ortiz,Self-help,1976-06-06,84
978-1-9875-8712-8,Computer sea themselves,Andrew Simmons,Science,1995-11-25,830
978-0-559-20167-7,Treatment window realize than,David Edwards,Biography,2020-04-07,533
978-0-510-13174-6,Mother at probably,Mary Chung,Non-Fiction,2015-12-19,978
978-1-82847-533-1,Team true create cold,Christine Schultz,Fantasy,1958-04-19,995
978-1-9800-0425-7,Future site each,Douglas Cochran,Self-help,1971-10-13,564
978-0-474-46479-9,Mother share cover ground,Mark Pena,Non-Fiction,1989-05-01,370
978-1-919502-06-9,Heavy voice order,Heather Freeman,Fiction,2021-07-24,710
978-1-394-98888-4,Turn month sing,Tracy Scott,Self-help,1961-11-03,831
978-1-7379438-6-0,Right person,Julie Henderson,Fiction,1961-06-24,757
978-1-4916-4109-5,Open wind boy,Spencer Welch,Science,1964-08-21,922
978-0-537-74449-3,Here away I visit,Roberto Butler,Romance,2015-05-02,383
978-1-148-81137-6,Fly want market something approach,Melissa Simmons,Self-help,1994-01-01,256
978-0-508-39666-9,Water serve,Lisa Lopez,Fantasy,1990-09-07,377
978-1-00-097237-5,Firm popular history subject wind,Gregory Martin,History,1956-04-11,618
978-1-5268-4769-0,Beautiful surface,Jeffrey Key,Mystery,2004-06-07,632
978-0-352-99002-0,Mrs rest citizen security,Joyce Rodriguez,Self-help,1988-08-12,436
978-1-02-493678-0,Address production card including science,Vanessa Jennings,Fantasy,1972-07-26,544
978-1-227-78518-5,Behavior husband quickly,Robert Robinson,History,1976-07-09,503
978-1-900514-54-5,Music until training,Anne Salazar,Fantasy,1969-08-03,571
978-1-62160-751-9,Eat technology start bar,Michael Murray,Mystery,1984-10-28,270
978-0-555-92368-9,Then two admit page north,Annette Taylor,History,1964-09-28,178
978-0-9878993-8-5,Court citizen tell,David Wilson,Romance,1959-03-07,953
978-1-07-627931-6,Beat agreement all picture our,Leah Anderson,Self-help,2005-02-20,609
978-1-77670-460-6,Education sort wall vote,Kelli Gomez MD,Non-Fiction,1972-01-20,672
978-0-7960-9719-4,Standard number,Alexander Johnson,Fiction,1973-11-20,66
978-0-429-19938-7,Near political,Laura Pena,Fiction,2019-04-30,822
978-1-106-59615-4,Charge speech,Danielle Escobar,Science,1981-08-25,701
978-0-251-88059-0,Look Mrs purpose full,Jeff Tucker,Mystery,1988-12-17,139
978-0-640-80572-2,Time course laugh benefit become,Autumn Johnson,Romance,1999-06-20,830
978-0-447-21779-7,Structure let determine,Gabriel Nguyen,Philosophy,1955-09-08,875
978-1-218-18035-7,Worry minute break,Jennifer Williams,History,1966-04-27,527
978-0-302-16926-1,Evidence consumer field now process,Andrea Gardner,Self-help,1985-03-06,715
978-0-483-54475-8,Second specific in buy can,Francisco Mata,Fantasy,1986-04-14,401
978-0-14-238235-6,Structure ago,Sandra Bell,Biography,2008-10-19,92
978-1-398-56827-3,Economy employee,Richard Gomez,Self-help,2006-04-11,897
978-0-15-378865-9,Another four term deep,Jennifer Robinson,Romance,1994-07-20,614
978-0-344-10199-1,Red major decade,Heather Gibson,Non-Fiction,1967-06-27,262
978-0-8289-5844-8,Science marriage do son,Andrew Barrera,Fantasy,1962-11-23,432
978-1-946417-61-9,Fund poor past break and,Joan Warren,Fiction,2006-07-22,989
978-1-55368-376-6,Make financial word court,Ryan Fox MD,Fiction,1979-10-11,842
978-1-67738-134-0,War Mrs state including,Jessica Parks,Philosophy,1968-05-03,500
978-1-285-09076-4,Spring might look as three,Kelly Jones,Science,1999-11-09,909
978-1-172-04030-8,By western,Jay Anderson,Biography,2015-10-06,607
978-1-64089-923-0,Interesting others,Cathy Cardenas,Non-Fiction,2015-08-27,536
978-1-9850-9105-4,Analysis meet media attorney,Chad Morales III,Romance,2023-10-13,712
978-0-9521740-5-9,Moment model seek production subject,Phillip Brewer,Fantasy,1970-06-04,427
978-1-09-921811-8,Real measure movie democratic,Jennifer Williams,Self-help,2020-08-28,231
978-1-60900-936-6,Station impact,Felicia Navarro,Philosophy,2006-07-15,633
978-1-68346-280-4,Color artist,Christine Gardner,History,2006-03-19,571
978-0-7397-8024-4,Adult hospital three attack,Gail Scott,Science,1971-08-08,450
978-0-568-05157-7,Artist pattern issue,David Harris,Romance,1997-03-05,156
978-1-923811-22-5,Staff line,Kayla Montes,Mystery,2021-03-22,818
978-1-69267-774-9,Between do option chance,Luis King,Science,2019-06-24,84
978-1-9862-7217-9,Game medical behind increase,Susan Ortega,Fantasy,1979-03-25,732
978-0-16-516323-9,Market report fact main,Lisa Garner,Fiction,1973-06-29,897
978-0-15-899383-6,Memory girl win,Kimberly Mercado,Self-help,1965-04-06,608
978-0-678-24765-5,War want ready,Olivia Tate PhD,Philosophy,2003-12-25,913
978-0-01-379689-3,Ball use,Sydney Murphy,Mystery,2004-11-08,860
978-1-299-54810-7,Rather hope show western you,Kirsten Taylor,Fantasy,2001-12-08,105
978-1-5123-6937-3,Floor take,Brian Holder,Self-help,1985-10-13,456
978-0-13-617776-0,Media detail,Leslie Brown,Self-help,2009-02-26,129
978-1-4483-1166-8,Chair light itself close,Michael Reeves,Biography,1991-10-02,242
978-1-65048-425-9,Church surface religious,Earl Weaver,Mystery,1975-05-04,86
978-0-241-56963-4,Partner education quickly these boy,Becky Barrett,Science,2012-04-29,740
978-1-4077-7226-4,More agreement concern always,Kevin Lawrence,Fiction,1970-04-08,355
978-1-346-35115-5,Born hope north,Emily Martinez,Non-Fiction,1976-05-14,620
978-0-85172-983-1,Need indicate back,Andrea Lee,Mystery,2008-01-05,874
978-1-4075-8080-7,Foot from position rich,Kristin Rollins,Philosophy,1982-09-11,334
978-1-9862-0167-4,Nothing follow decision southern should,Beth Ford,Non-Fiction,1997-06-02,525
978-1-77644-259-1,Trip government example amount hit,Michelle Mathis,Non-Fiction,1976-12-04,1000
978-1-250-66122-7,Organization first,Evan Johnston,Biography,1957-12-21,266
978-1-873682-49-4,House head employee woman,Ricardo Carson,Fantasy,2007-04-18,574
978-0-256-21080-4,Music administration building seek budget,Ivan Johnson,History,1965-08-06,295
978-1-58550-236-3,Apply next seek before,Justin Richardson,Science,1978-10-01,780
978-0-7715-0505-8,Beautiful election site food,Diane Perez,History,1993-06-09,577
978-0-318-99076-7,Federal American this well most,Levi Gonzalez,Non-Fiction,2019-01-25,498
978-0-624-74456-6,Full mission agree weight,Joe Day,Romance,1983-09-06,937
978-1-374-32833-4,Than concern try article go,Mark Harris,Mystery,2009-05-04,766
978-0-414-02938-5,Truth bed throw,Joshua Todd,Fiction,1971-04-24,221
978-1-182-30107-9,Quite hot there,Alyssa Bruce,Fiction,2020-01-09,248
978-0-9956945-7-6,Fall could course,Mr. Rodney Williams,Self-help,1979-06-13,524
978-0-419-66592-2,Produce civil stop cover,Diana King,History,1962-03-12,930
978-0-321-65549-3,Gas strong quickly,Stephanie Delacruz,Philosophy,2004-01-20,693
978-1-74886-106-1,Seven other far more,Catherine Jordan,History,1986-08-28,252
978-1-361-32168-3,Million beat,Diane Clark,Fantasy,2005-09-26,256
978-1-4707-6797-6,Bit start,Lisa Wilson,History,2017-03-12,853
978-0-05-440429-0,President receive,Amanda Roberts,Biography,1991-09-28,739
978-0-604-72500-4,Lead theory onto personal cold,Jon Hawkins,Fiction,2008-04-16,932
978-0-07-384029-1,Visit science discussion break,Heather Cardenas,Fantasy,1967-03-09,410
978-1-931467-72-8,Health already here kind trouble,Patrick Carter,Science,2019-08-12,328
978-1-58093-314-8,Article offer as everyone,Amanda Brown,Biography,2025-03-15,890
978-0-86667-980-0,Open music best heavy face,Taylor Campbell,Non-Fiction,1986-05-23,262
978-1-81357-713-2,State leg effort chance,Diana Santiago,Romance,1963-12-27,850
978-0-268-25819-1,Anyone learn dinner some,Catherine Hall,History,2000-03-11,518
978-1-360-22015-4,Worry cell police wear,Melissa Turner,History,1966-11-26,774
978-0-359-21791-5,Away science car hotel,Erica Lopez,Self-help,1991-03-06,384
978-1-63935-610-2,Easy stuff meeting,Brandon Jones,Fantasy,1971-09-07,118
978-1-61379-639-9,Body deal doctor,Mr. Nicholas Hoffman,Philosophy,1960-03-25,400
978-1-82288-967-7,Scientist area whatever,Daniel Smith,Biography,2020-10-22,494
978-1-56324-218-2,At hit,William Austin,History,2021-02-28,91
978-0-7279-9613-8,Necessary direction,Vincent Hall,History,2004-04-24,776
978-0-414-45995-3,When role cup,Melissa Williams,Romance,2020-02-29,191
978-1-78869-258-8,Generation news citizen,Sarah Bradley,Science,2023-03-18,840
978-1-04-181223-4,Perhaps skill financial,Jeremy Hess DDS,Self-help,1966-09-30,296
978-0-603-62479-7,Common authority,Dakota Shelton,Romance,1956-10-07,821
978-0-514-85545-7,Him southern explain those floor,Ronald Bauer,Mystery,2018-03-31,795
978-0-211-40480-4,Pattern your,Tyler Garcia,Biography,1970-04-23,884
978-1-125-22689-6,Affect say,Kayla Ashley,Non-Fiction,1983-09-03,895
978-0-493-48372-6,Agency could answer,Ana Perez,Fantasy,1971-08-05,873
978-0-308-71784-8,Record interview,Jacob Potter,Science,2021-01-26,858
978-0-349-77295-0,Determine foot,William Holmes,History,2023-09-23,245
978-1-77185-589-1,Sport car,Lisa Welch,Non-Fiction,1972-06-10,367
978-0-12-116845-2,Drop international rule,Laura Nelson,Fantasy,1967-11-10,674
978-0-917927-40-9,Those money section nice,James Klein,Fiction,2016-07-02,974
978-1-202-69904-9,Amount material game,Steven Manning,Fantasy,2019-09-06,248
978-0-521-98711-0,Establish half,Allison Myers,Mystery,1984-02-10,630
978-0-217-28884-2,Catch task manage,Alison Reyes,Mystery,1990-12-12,240
978-1-75484-262-7,Remain yourself,Ray Mcdonald,Fantasy,1972-04-13,659
978-1-4338-4331-0,Work task mouth nearly management,James Golden,Science,1961-03-07,150
978-0-9565181-6-3,Answer practice less work choose,Nichole Wood,Fantasy,1984-07-12,642
978-0-12-649915-5,Agreement lay,Tammy Vasquez,History,1975-05-20,838
978-1-84266-320-2,There town four,Heather Johnston,Philosophy,2024-12-16,509
978-0-87628-555-8,West so series,Martha Parker,History,1972-09-17,226
978-1-03-894187-9,Early address west best history,Gregory Hall,Philosophy,1976-04-14,760
978-1-76547-367-4,Instead sell,Ariel Underwood,Philosophy,1984-01-14,821
978-1-190-60198-7,Final national statement reason play,Matthew Berry,Self-help,2024-11-22,929
978-1-312-56006-2,Bank to simply avoid what,Michael Myers,Science,1974-06-11,548
978-0-9747397-9-3,Rock environmental medical big,Amy Hodges,Non-Fiction,1964-02-25,149
978-0-00-774784-9,Property really me western,Hayley Harmon,Self-help,2020-05-04,326
978-0-667-06975-6,Wind necessary how,Victoria Gay,Self-help,1980-12-23,938
978-0-7940-9004-3,Finish attorney beat,Gregory Whitaker,Fantasy,1983-03-05,983
978-0-6488384-6-3,From agree pretty I,Karen Cruz,Science,1970-07-02,726
978-0-519-01735-5,While participant,Brittany Hernandez,Mystery,1965-02-05,955
978-1-207-11817-0,Cut wonder forget,Brittany Holmes,Mystery,1956-08-14,804
978-1-365-16553-5,Defense of late shake what,David Salinas,Mystery,1965-05-29,571
978-0-673-91576-4,Sure whom crime rich citizen,Angela Merritt,History,1989-07-08,796
978-1-60215-377-6,Value total wear million,Nicole Ferguson,Self-help,1964-05-07,336
978-0-7146-1411-3,Position box,Ashley Griffin,Biography,1976-01-30,303
978-1-83400-127-2,Student bad hold lawyer scene,Christopher Coleman,Fiction,1982-10-12,368
978-1-9731-4344-4,Seven else level room,Christopher Rodriguez,History,2005-12-18,76
978-0-7234-2955-5,Degree expert fish,Hannah Campbell,Non-Fiction,1979-02-16,295
978-1-309-71204-7,Wife tree somebody Congress,Katherine Berry,Science,2014-07-03,478
978-0-9636327-7-7,If cost growth,Melissa Myers,Self-help,1969-03-23,794
978-0-513-88758-9,Stand wall thought player,Sabrina Bennett,Science,1958-09-23,384
978-1-7339561-2-3,They TV win order,Samantha Hughes,Fiction,1968-10-01,169
978-1-318-49158-2,Week nor choose what successful,Sara Williamson,Philosophy,2007-05-18,307
978-0-7421-4704-1,Notice add,Tiffany Roth,Philosophy,2014-08-14,562
978-1-299-71019-1,Between result have food dream,Jessica Jefferson,Non-Fiction,1961-03-31,110
978-1-74015-335-5,Allow property help,Cheyenne Guerra,Mystery,1997-05-01,570
978-1-189-87751-5,Partner what author anything,Kathryn Martin,History,1978-06-15,168
978-1-77626-789-7,Total box mother establish,Jessica Williams,Science,1965-06-14,778
978-0-08-211114-6,Wrong other support,Carl Reyes,Romance,1984-01-13,529
978-0-8376-2038-1,First to score cell,Terrence Haley,Fantasy,2023-08-22,576
978-1-348-72682-1,Each worry many them,Diane Lucas,Philosophy,2017-10-14,427
978-0-9784255-6-2,A for could,Mr. Michael Mclean,Romance,2017-05-25,129
978-1-341-24913-6,Expert similar ask,Barbara Jones,Fantasy,1961-03-05,138
978-0-673-90444-7,Military firm drug figure,Katherine Rowland,Mystery,1993-12-24,546
978-0-630-36771-1,Although study artist explain,Dominique Williams,Biography,2019-03-04,543
978-1-55242-603-6,Admit wear kitchen fly,Tricia Hubbard,Fiction,1977-06-12,139
978-1-922118-70-7,Assume can personal,Renee Henderson,Romance,1959-07-27,628
978-0-454-64006-9,Continue less recognize standard,Maria Wade,Fantasy,1979-05-14,341
978-1-9867-9297-4,Discuss American teach kid,Robert Blackburn,Fantasy,1963-12-30,263
978-1-158-31213-9,Report husband scientist new,Maurice Liu,Fiction,1965-12-03,887
978-1-372-18856-5,Agreement student money,Taylor Williams,Philosophy,2017-10-28,524
978-1-9745-1633-9,Short rest wait do,Andrew Ramos,Science,1980-02-22,244
978-1-4848-0891-7,Recognize cut after,Kathy Robinson,Mystery,1984-06-09,245
978-1-70117-724-6,Development agree significant that,Sharon Thompson,Romance,1992-10-09,779
978-0-9536780-8-2,Practice suffer successful around cover,Cory Brown,History,1962-03-14,581
978-1-168-46312-8,Partner sort what,Jocelyn Wilcox,Fiction,1956-10-08,258
978-1-61691-673-2,After arrive be national,Brian Parsons,Mystery,1974-05-18,996
978-0-15-277905-4,Sense animal appear place task,Nicole Mccoy MD,Self-help,2010-01-16,860
978-1-08-101965-5,Increase body own move,James Taylor,Philosophy,1975-03-19,168
978-1-875482-63-4,Another positive our though those,Taylor Watson,Fantasy,2024-07-07,680
978-0-475-19635-4,Wait opportunity,Stacy Hammond,Non-Fiction,1970-11-28,720
978-1-4132-0246-5,Easy music ten our also,Ruth Green,Philosophy,1992-12-07,708
978-0-295-63655-9,Organization system,Austin Taylor,Self-help,1968-09-05,834
978-1-64024-151-0,Still source personal language hair,Reginald Cannon,History,2023-03-03,506
978-0-393-77201-2,Pattern happy return seem,Frank Davis,Fantasy,1968-01-10,406
978-0-692-61450-1,Once recent stock,Travis Howard,Romance,1997-03-05,420
978-0-669-09112-0,Close focus,Susan Mendoza,Philosophy,1962-09-12,801
978-1-80924-736-0,Computer deal plant next country,Jessica Porter,Fantasy,2013-03-12,950
978-1-06-800372-1,Name might concern moment,Tammy Johnson,Non-Fiction,2008-04-02,140
978-1-949329-10-0,Seem so him,Jamie Baird,Mystery,2006-05-23,93
978-0-938267-99-7,Side able indeed,William Daniels,Fiction,1979-05-15,476
978-0-467-92637-2,Believe floor religious,Christian Keith,Science,1961-11-21,210
978-0-9741428-0-7,Individual compare out light,Brittney Aguilar,History,2008-04-16,84
978-1-306-59594-0,And daughter meeting sell end,Erica Cantu,Fiction,1962-04-24,245
978-0-457-08807-3,Character happy total,Wendy Fox,Biography,1964-08-23,911
978-1-79986-366-3,Age soon prevent book,Christina Green DVM,Science,2012-04-22,844
978-0-18-732881-4,Hit character say,Tony Mccullough,Non-Fiction,1965-07-12,742
978-0-04-891230-5,Difference approach if,Teresa Becker,Fiction,2025-02-09,775
978-0-589-69509-5,Yourself each early parent send,Casey Garza,Fantasy,1976-06-06,513
978-1-5479-7242-5,Hotel value quickly,Jonathan Barrett,Philosophy,1986-11-18,824
978-1-75322-894-1,Determine quite,Katelyn Figueroa,Fantasy,1982-07-09,173
978-0-225-78935-5,More level large,Carrie Thompson,Philosophy,1961-06-25,452
978-1-298-94070-4,Task up because,Aaron Joseph,Biography,1981-08-17,815
978-1-326-04232-5,Chair simple road,Laura Clark,Science,2024-08-10,904
978-1-113-63504-4,Population less up change,Thomas Chen,Biography,1967-03-13,689
978-0-7065-6077-0,Benefit son into direction growth,Chelsey Taylor,Philosophy,1993-11-19,587
978-1-72664-934-6,Full day energy degree,Charlotte Cortez,Biography,1990-02-05,459
978-0-512-73975-9,Prove man,Rhonda Carpenter,History,2015-12-25,152
978-1-921847-23-3,Where prove,Laura Rose,Non-Fiction,2015-12-21,964
978-1-4573-7813-3,Conference democratic,Lawrence Thomas,Self-help,1969-10-09,537
978-1-264-15416-6,Mrs about military collection,Lisa Phillips,Non-Fiction,1968-10-22,902
978-0-07-549864-3,Lose produce list attack,Mary Macias,History,1968-09-30,580
978-1-391-15019-2,Budget however apply,Wendy Price,Fantasy,1973-06-17,963
978-0-930637-86-6,Turn across,Sara Campbell,Self-help,2023-07-24,839
978-1-268-25740-5,Great spend us site strong,Danielle Howell,Mystery,1968-10-09,257
978-1-66721-890-8,Huge drop one,Gary Barrera,Self-help,2007-09-04,894
978-0-7049-1806-1,Look interesting yard from,Samantha Roy,Philosophy,1978-09-28,897
978-1-01-255401-9,Condition new red tax three,Stephanie Cochran,Fiction,1973-09-28,788
978-0-452-13656-4,Peace I however,Aaron Collins,Biography,1959-12-07,594
978-0-683-34838-5,Attorney there,Michael Buckley,Mystery,1976-05-31,701
978-0-383-25010-0,Instead drive magazine poor,Christopher Cohen,History,2025-01-02,280
978-1-186-48596-6,American person west,Rachael Garza,Self-help,1965-05-09,115
978-1-895377-00-2,Skill blood coach media,Mark Eaton,Mystery,1981-01-25,246
978-1-4267-2314-8,Mr base out,Matthew Stevenson,Philosophy,1996-11-08,457
978-0-582-32398-8,Box thought keep entire,Mr. William White,Biography,1967-09-28,570
978-0-344-55603-6,Cultural particular detail avoid,Erin Walker,Mystery,1994-11-06,89
978-1-08-836289-1,Board if time defense,Ryan Abbott,Romance,2002-02-22,538
978-0-215-66818-9,Chair large early short,Denise Frank,Non-Fiction,1956-01-13,196
978-0-9778859-2-3,Firm far main,Tina Campos,Fantasy,1987-10-26,332
978-1-63993-372-3,Husband my interesting security democratic,Mitchell Smith,Self-help,1994-01-19,865
978-0-15-949772-2,Entire sure significant especially,Mrs. Jessica Meyer,Fantasy,1987-12-02,172
978-0-568-38673-0,Cut space campaign tend,Robert Smith,Fiction,2018-06-22,927
978-1-59482-737-2,Two training two imagine,Daniel Rivera,Romance,1956-12-30,498
978-0-03-534682-3,Medical sort join,Joseph Carroll,Non-Fiction,1974-12-10,681
978-1-104-67709-1,Box owner person,Pamela Williamson,Fantasy,1999-03-19,935
978-0-414-65431-0,Same indeed,Tracy Wright,Biography,1992-06-03,757
978-0-9960084-3-3,Defense which increase time,Kelli Gibbs,Mystery,2014-06-21,563
978-1-71073-303-7,Class affect market toward,George Smith,Mystery,2003-11-14,795
978-0-524-57263-4,Outside dream,Anne Davis,Self-help,1969-05-17,70
978-0-7988-1737-0,It seem large boy,Mr. Robert Brown,Mystery,1989-01-28,750
978-1-61673-977-5,Wonder discover them,Michael Waters,Science,2023-10-14,937
978-0-212-78614-5,Crime our effort for,Michael George,Biography,2008-05-28,366
978-1-141-65439-0,Really store,Dr. Eric Cole,Science,1999-10-15,930
978-1-62453-930-5,Report camera reality visit specific,Pamela Cowan,Self-help,1988-02-24,198
978-0-440-49976-3,Born financial woman series,Teresa Frey,Fiction,1994-03-18,581
978-1-02-220756-1,You player certain,Jacqueline Berry,Fantasy,2003-10-06,292
978-0-01-010242-0,Color couple what,Katherine Klein DDS,Non-Fiction,1959-10-29,887
978-0-526-35577-8,Why realize despite tell,Stephanie Williams,Fiction,1998-08-24,58
978-1-320-05435-5,Section guy character girl film,Oscar Bright,Mystery,1998-10-25,716
978-1-4204-7265-3,Road require piece,Douglas Scott,Romance,2009-04-19,294
978-0-12-444403-4,Poor more network,Patricia Lamb,Self-help,1959-02-18,444
978-1-4854-4590-6,Street choice,Emily Garcia,Science,2010-11-06,120
978-0-500-14874-7,President else movie one our,Steven Hendricks,Romance,1993-09-30,59
978-1-61527-808-4,Military can fire today government,James Mcfarland,Biography,2024-02-05,574
978-0-08-980533-8,All near their technology,Nicholas Garcia,Self-help,1993-01-24,624
978-0-10-279276-8,Type director since above thus,Sarah Fletcher,Fantasy,1987-07-09,505
978-1-142-85283-2,Leader your attention that,Lauren Adams,Self-help,1962-08-01,533
978-0-438-05815-6,Industry clear never,Christy Jimenez,History,1996-03-14,660
978-1-86518-117-2,Under evidence,Ronnie Ward,Mystery,1981-04-15,749
978-1-9802-0439-8,Sell team loss throw option,Lauren Price,Fantasy,1969-07-23,508
978-1-922799-03-6,Food place it left,Christopher Vega,Mystery,1999-08-16,172
978-0-437-21682-3,Join TV forward brother author,Keith Sims,Mystery,1974-01-18,904
978-1-271-56345-6,Recent degree someone,Emily Rhodes,Biography,2017-07-28,830
978-0-481-78549-8,Treatment activity fish blood,Jeffrey Gillespie,History,2006-08-03,701
978-0-614-80803-2,Discuss miss both dark,Mark Thompson,Non-Fiction,1976-11-17,699
978-0-446-17719-1,Vote edge even try,Marvin Schultz IV,Biography,1973-05-24,95
978-1-06-630337-3,Program white,Donald Kim,Philosophy,1983-01-09,704
978-0-9654411-8-6,And former it morning,Kelly Alvarez,Philosophy,1995-05-13,861
978-0-9501255-7-2,Guess sign worry professor,Mark Martinez,Mystery,2000-03-17,882
978-1-383-91429-0,Through resource,Chad Cook,History,2001-06-04,919
978-1-4787-2588-6,According herself strategy,Laura Allen,Non-Fiction,2015-10-02,645
978-1-896371-22-1,Certainly management field,Diane Lara,Science,2024-08-20,419
978-1-318-60923-9,Try environmental consumer,Brenda Parker,Fantasy,1971-11-13,839
978-1-4911-6588-1,Skill every suffer,Dustin Fleming,Fantasy,1983-04-03,278
978-0-15-344475-3,Arm fast game ago,Zachary Smith,Fiction,2019-05-19,797
978-1-256-14246-1,Specific finally morning,Steven Chang,Fiction,2016-03-06,721
978-1-7390827-0-3,Energy house,Charles Taylor,Philosophy,1988-05-15,223
978-1-5387-6181-6,Political stuff indeed movement,Yvette Long MD,Fiction,2007-08-24,376
978-0-89967-553-4,Design reality,Whitney Sanchez,Non-Fiction,2000-01-27,505
978-1-70011-275-0,Read allow,Arthur Pineda,Self-help,1987-01-19,313
978-1-81097-938-0,I meet TV behind see,Colton Jones,Fiction,2010-02-15,412
978-0-490-23599-1,Themselves national never he add,Kristin Stanley,Non-Fiction,1960-05-31,450
978-0-7637-2500-6,Water television tree reason each,Rebecca Rogers,Science,1977-01-02,555
978-1-85766-617-5,Action single nation blood,Deanna Freeman,Fantasy,1989-10-02,558
978-0-692-09261-3,Expert ok tree continue partner,Lisa Olson,Science,1959-11-24,316
978-0-08-963824-0,Approach early coach,Jeffrey Johnson,Self-help,1970-04-05,878
978-0-523-78859-3,She like by travel,Frank Cross,Science,1978-02-18,205
978-1-83084-528-3,Pull middle energy election,Alexis Davis,Science,1958-08-17,148
978-0-652-62921-7,Ahead between will everyone,Suzanne Martin,Self-help,2021-04-05,725
978-0-7841-4075-8,Never any,Kaitlin Powell,Mystery,1991-07-08,501
978-1-4395-4170-8,Benefit available our gas,Bryan Hart,Fiction,1990-02-16,564
978-0-7591-4073-8,Commercial side kid,Christopher Perez,Self-help,2024-06-20,726
978-1-9998892-1-0,Former reason type second certain,Sherri Wilson,Romance,1989-06-13,529
978-1-258-90709-9,Already camera summer,Bradley Fletcher,Non-Fiction,1955-08-11,315
978-1-64186-428-2,Alone black figure human,Caitlyn Hahn,Fantasy,2024-05-15,967
978-1-62077-857-9,See create,Anthony Burton,Self-help,1993-10-23,285
978-0-9702081-3-2,Military first eight plant situation,Heidi Sandoval,Fantasy,1973-03-09,179
978-0-7881-6921-2,Find light subject,Kelly Harris,Self-help,1958-06-17,446
978-0-8479-3627-4,Senior give,Dawn Wilson,Biography,2010-07-01,771
978-1-301-68034-4,Budget watch head know,Bonnie Mendez,Non-Fiction,1998-11-23,930
978-1-85931-600-9,Success throw behavior down,Gregory Mathis,Philosophy,2022-08-25,174
978-0-483-93799-4,Change reason girl prevent,Jeffrey Carey,Fantasy,1995-01-13,54
978-1-915186-52-2,Within mother interest simple understand,Kim Washington,Mystery,1999-06-19,490
978-0-8394-6547-8,Trial system poor information,Tina Williams,Mystery,2008-07-16,643
978-1-118-98667-7,So challenge identify art hold,Jeremy Alexander,Romance,1981-05-18,499
978-0-233-55275-0,Since let meet skill,Travis Mckinney,Non-Fiction,2000-07-23,681
978-1-192-23311-7,Choose wide feeling,Donald Williams,Fiction,2008-07-19,442
978-0-510-58104-6,Ever specific move of,Amanda Johnson,History,2014-07-27,313
978-1-112-28086-3,Card environment consider clear its,David Gibson,Romance,2015-06-28,384
978-1-80670-703-4,Include peace writer candidate poor,Jessica Martinez,Philosophy,2016-05-04,387
978-0-7467-4138-2,Administration training group throughout,Mark Carter,Self-help,1958-05-18,985
978-1-83110-234-7,Exist president all,Maria Sanchez DDS,Biography,1984-11-28,660
978-0-7034-3524-8,Eye real even store,Kathryn Parks,Self-help,2016-02-05,288
978-1-66791-879-2,Myself health receive third,Taylor Anderson,Self-help,2007-04-10,226
978-0-421-40303-1,Well cup note share,Brett Zimmerman,Philosophy,1975-09-04,704
978-0-281-16717-3,Ask particularly,Mary Chambers,Self-help,2006-04-15,208
978-1-66241-858-7,Room your throw,Crystal Luna,Fiction,1989-06-30,514
978-1-05-197943-9,Crime big five sort check,Colton Simpson,History,1983-10-10,268
978-1-939131-10-2,Shake table,Ricky Johnson,Fantasy,1981-04-09,801
978-1-01-687463-2,Science mean rise,Kenneth Flynn,Mystery,1968-02-19,498
978-0-281-71133-8,Specific return property without,Amy Spencer,Fiction,2010-06-25,889
978-0-7076-0595-1,South interview enough camera nothing,Shannon Hamilton,Philosophy,2007-04-12,856
978-0-602-82203-3,Population group perhaps theory they,Debra Ibarra,Philosophy,1999-07-10,445
978-1-4300-1729-5,Example especially,Alexandra Trevino,Biography,2022-05-31,86
978-1-80425-681-7,Hundred prove seat keep each,Marie Rogers,History,1974-09-29,672
978-1-81745-758-4,Avoid training official attention western,John Davis,Self-help,1993-08-18,581
978-1-03-764822-9,Medical west since she per,Ryan Adams,Fiction,1961-06-07,468
978-1-951145-34-7,Set interview mission,Charles Fisher,Mystery,2002-06-05,407
978-1-189-53091-5,On pass rest,Mrs. Nicole Perez,Philosophy,1984-08-18,412
978-0-7824-5226-6,Next short until game,Danielle Stone,Science,1957-08-31,658
978-1-273-38667-1,Within employee,Adrienne Joseph,Non-Fiction,1991-04-20,957
978-1-76741-909-0,Century teacher,Natalie Williams,Non-Fiction,1995-02-06,406
978-0-665-66377-2,Dinner pretty,Robert Gonzales,Mystery,1992-06-20,877
978-0-12-234107-6,Fish center certain,Justin Peterson,Non-Fiction,2006-01-24,173
978-0-15-777835-9,Society total answer cell,Melissa Aguilar,Science,1968-04-08,553
978-0-9661342-1-6,Despite build life respond environmental,Christopher Martin,Romance,2025-03-12,428
978-1-330-37154-1,Group simple rise brother subject,Amanda Solomon,History,2020-03-16,439
978-1-5435-4600-2,Keep sure wide think,Danielle Swanson,Non-Fiction,1970-06-23,357
978-1-76616-011-5,Admit reality almost,Marilyn Adams,Science,1982-02-03,680
978-0-526-47251-2,World simple,Richard Ortiz Jr.,Philosophy,1957-11-01,949
978-0-03-921714-3,Type probably different effect,Joshua Collins,History,2004-02-19,619
978-0-7844-1902-1,Wish he television open,Christopher Brown,Biography,2021-01-01,342
978-0-7181-1455-8,Strategy training woman crime,Sandra Newton,Romance,1961-02-10,841
978-0-399-81692-5,Store board fish industry fly,Angelica Baker MD,Fantasy,2012-01-10,140
978-1-103-22008-3,Total truth,Kevin Summers,Mystery,1999-05-23,669
978-0-483-03611-6,Meet need energy,Dominique Morales,Self-help,1996-01-30,98
978-0-7101-0595-0,Medical indicate,Jason Miller DDS,Self-help,2021-10-20,364
978-1-146-67043-2,Who assume imagine,Craig Middleton,Non-Fiction,2021-10-05,110
978-0-537-11043-4,Police north push admit sing,Julia Myers,Mystery,2001-11-15,275
978-1-225-71592-4,Day guy,Natalie Combs,Romance,2016-05-07,847
978-1-07-610672-8,Parent guy picture hear,Chelsea Collins,Self-help,1972-01-09,999
978-0-85635-946-0,Political author imagine,Eric Haynes,Biography,2003-09-10,502
978-0-544-02032-0,Dream society,Phillip Franklin,History,1985-12-02,129
978-1-280-01044-6,Career herself ago concern,Diana Cross,Romance,1995-04-16,967
978-0-00-762615-1,Spend next happen pull establish,Ashley Wilson,Non-Fiction,1994-05-23,709
978-0-16-784571-3,Military the manage responsibility whatever,Brandon Chang,Self-help,1998-02-23,610
978-1-380-75503-2,Chance article next,Benjamin Willis,Mystery,1980-03-26,112
978-1-966919-16-2,Yeah tell about,Joan Blevins,History,1964-04-17,82
978-1-06-222026-1,Hit enter camera,Anthony Benitez,Fiction,2018-12-30,470
978-0-226-94649-8,Move provide smile force off,Stephen Moore,Romance,2005-10-31,742
978-1-5426-1435-1,Leader on,Jordan Reyes,Fiction,2017-06-10,987
978-1-4205-5793-0,Blue nearly store offer American,Kimberly Morris,Mystery,2022-07-02,858
978-0-204-34134-5,Successful provide,Matthew Rowland,Self-help,2009-06-19,107
978-1-68016-198-4,Seem stock seem sure,Brian Smith,Biography,1989-05-31,955
978-1-923771-11-6,Draw world,Joseph Wolfe,Mystery,1964-12-22,490
978-1-916433-22-9,Change industry boy,Melinda Myers,Mystery,1997-09-13,634
978-0-556-60954-4,Night difficult interview TV,Amy Johnson,Non-Fiction,2002-09-16,78
978-0-227-49010-5,And police provide either then,Cindy Woods,Philosophy,2004-05-16,122
978-1-58913-165-1,Yes action what,Jacqueline Dixon,Fiction,1967-06-01,387
978-0-513-79296-8,Build themselves do everybody,Donald Parker,Romance,2022-11-29,395
978-1-5116-1416-0,Network all,Michael Johnson,Self-help,1965-03-27,887
978-1-67921-868-2,During magazine black person traditional,Ashley Brown,Science,2022-02-25,694
978-1-5207-4817-7,Degree drive,Kaitlin Cook,Mystery,1982-11-12,178
978-1-133-55377-9,Within financial just which,Randy Santos,Romance,1968-12-09,80
978-0-290-84865-0,For church scientist,Courtney Haynes,Non-Fiction,2010-11-18,805
978-1-07-128782-8,Similar line research,James Dean,Science,1975-11-30,315
978-0-490-25187-8,War listen measure film,Timothy James,Fantasy,2005-06-01,344
978-1-68163-717-4,Compare certainly throw contain,Michelle Newman,Self-help,2012-11-06,443
978-1-5431-3197-0,Car turn area able describe,Amanda Davis,Fantasy,2011-02-22,673
978-0-326-96511-5,Inside care create,Lisa Harding,History,2006-11-27,787
978-0-634-31974-7,Present expect lot,Todd Pierce,Fantasy,1986-02-21,885
978-0-543-92510-7,Always management write Mrs star,Amanda Tucker,Mystery,1960-12-10,564
978-0-259-74483-2,Whether entire allow,Dr. Scott Powell,History,1995-01-26,714
978-1-05-067725-1,Such particularly,Micheal Hensley,Fiction,1959-11-22,67
978-0-7814-1913-0,Student affect,Thomas Richardson,Science,2019-08-15,91
978-0-15-235222-6,Choose party husband,Eric Combs,Non-Fiction,1988-08-24,247
978-0-306-53151-4,Fly if,Keith Larson,Romance,1977-04-28,277
978-1-100-90169-5,Still quickly shake push avoid,Christina Hill,Mystery,1957-07-30,855
978-0-251-00617-4,Bed goal down political,Jessica Davidson,Non-Fiction,1985-04-17,206
978-1-4685-9717-2,Treat such,Alyssa Schultz,Fantasy,1968-08-09,159
978-1-905933-55-6,Boy serve hold key,Ashlee Mckee,History,1964-02-27,133
978-1-267-42215-6,Pm might speak,Mary Fritz,Fantasy,1978-07-04,406
978-1-57280-565-1,Mean miss though,Amber Reynolds,Biography,1972-02-12,306
978-1-375-76393-6,Serious sometimes soldier,Danielle Travis,Self-help,1956-08-17,341
978-1-66937-028-4,Perhaps one specific today,Tyler Sanchez,Fiction,2012-12-15,800
978-1-956474-31-2,Voice evening edge,Robert Powers,Fantasy,2000-02-15,729
978-1-4602-9111-5,Very happen any sister,Matthew Brown,Philosophy,1961-05-03,899
978-0-08-366630-0,Professional vote,Jim Peterson,Science,2004-04-26,876
978-0-520-86923-3,Little on,Stacey Baker,Non-Fiction,1965-01-28,972
978-0-359-97424-5,Per safe anything,Mary Hopkins,Mystery,1995-12-15,270
978-1-872000-05-3,Still space,Brandon Lee,Biography,1999-03-09,346
978-0-633-29404-5,Allow news performance like finally,Jason Webb,Fantasy,2001-10-31,399
978-0-909081-63-8,Increase boy,Emily Travis,Mystery,2009-03-13,689
978-1-879411-97-5,Or interest view step,Gregory Snyder,Fantasy,1983-07-19,995
978-0-7377-0230-9,Factor people learn wait,Michelle Harris,Mystery,1971-08-03,88
978-0-7993-9976-9,Where information western property,Michael Harrington,Biography,1965-09-14,786
978-1-932940-57-2,Local must human year without,Jessica Raymond,Romance,1990-05-05,794
978-0-7968-1502-6,We debate at,Sarah Munoz,Fiction,2014-08-13,986
978-0-7023-0593-1,According from morning,Dawn Zimmerman,Non-Fiction,1967-08-01,477
978-0-386-29977-9,Second teach,John Collins,Self-help,2010-06-09,747
978-1-4691-8281-0,Challenge because car wide,Samantha Jones,Romance,1956-12-06,981
978-1-75677-793-4,Woman clearly trip sea speech,James Sullivan,Non-Fiction,1975-04-10,189
978-0-380-86723-3,Direction theory line pay,Angela Reed,Philosophy,2017-12-14,341
978-1-60346-736-0,Card result here,Jimmy Duarte,Romance,2006-02-07,841
978-1-261-20106-1,Situation degree wind because present,Alison Glover,Non-Fiction,1979-07-08,347
978-1-83392-158-8,Plan age few seat,Darren Stephenson,Romance,1961-04-02,879
978-1-348-68982-9,However moment,Charlene Barnes,Biography,2005-03-25,614
978-0-672-25119-1,When role indeed share major,Crystal Mcmahon,Biography,1998-06-08,165
978-0-447-22977-6,Everything my you,Eugene Juarez,History,2021-03-01,61
978-1-84274-872-5,Enough can table,Brittany Phelps,Fantasy,1996-06-15,610
978-1-77561-667-2,Community measure movement voice room,Justin Carr,Romance,1957-03-05,820
978-1-274-39009-7,Control discussion such,Barbara Roberts,History,1983-03-30,522
978-0-9619510-2-3,Only from today,Timothy Gallegos,Non-Fiction,2019-11-20,385
978-0-949665-56-0,Always since together research arrive,Brianna Wood,Philosophy,2012-11-26,229
978-1-81452-463-0,Small whose federal,Kathryn Baker,Self-help,1961-10-24,298
978-1-66234-370-4,Might job pattern,Darren Johnson,Science,1959-09-09,559
978-1-4843-6546-5,Performance adult rise possible page,Brianna Lewis,Self-help,2022-09-25,311
978-1-258-24478-1,Somebody top,Jennifer Mcconnell,Fiction,1975-09-22,531
978-0-566-19796-3,Majority successful,Cynthia Melton,Science,2025-03-19,741
978-0-9761386-9-3,Lay avoid president war,Selena Trevino,Romance,1978-08-13,199
978-1-923925-90-8,High sport edge,Joshua Simpson,Science,1980-02-16,933
978-1-00-187441-8,Another white spring security,Charles West,Mystery,1988-10-27,930
978-1-9995042-0-5,Difference recent strategy become upon,Harold Lewis,Fantasy,2019-01-23,291
978-0-7471-8025-8,Skill see range lead,Vickie Nelson,Philosophy,2020-04-26,787
978-0-10-123729-1,Interview know office,Nancy Miller DDS,Non-Fiction,2023-07-13,659
978-0-383-62745-2,Bad away spend past,Kristin Gentry,History,2019-01-24,825
978-1-4578-5393-7,Time range level everything firm,Jessica Monroe,Romance,1997-03-21,606
978-0-698-34787-8,Low red certainly,Melissa Hopkins,Romance,1981-12-25,967
978-0-7515-9661-8,Front sport have method my,Timothy White,Non-Fiction,2000-12-29,750
978-0-563-77030-5,Low brother attention as,Robert Paul,History,1981-07-10,968
978-0-85216-368-9,Series cover church,David Phillips,Romance,1997-04-25,802
978-1-276-44406-4,Heart board Mr medical must,Stephanie Lopez,Fantasy,1977-10-22,263
978-1-942567-75-2,When mention memory pressure,Lisa Green,Science,2015-09-03,374
978-0-318-92074-0,Everybody shake television news leader,Pamela Lara,Science,2001-08-24,857
978-0-7402-3420-0,Effect partner reality,Ariel Hernandez,Science,1993-06-16,777
978-1-137-71009-3,Phone town,Michelle Aguilar,Romance,2009-11-07,509
978-1-907705-25-0,Church anything various present,Lorraine Robinson,Self-help,2001-12-05,889
978-0-421-18345-2,Bill president life capital,Elizabeth Green,Mystery,2019-01-10,263
978-0-645-70701-4,Speak building ask standard,Jonathan Brady,Biography,1965-12-14,964
978-1-883652-97-5,Executive tree,Donna Huang,Fiction,2015-04-13,706
978-1-59200-394-5,Learn push want seven,Lisa Nelson,Science,2006-11-06,511
978-0-506-70947-8,Step the father,Lisa Hogan,Science,1974-01-01,978
978-0-310-81608-9,And tell financial it,Francisco Christian,Fiction,1978-12-06,844
978-0-09-841278-7,Answer church sea store,Daniel Morse,Self-help,1976-09-26,919
978-1-5147-4854-1,Serve away,Monica Smith,Mystery,2018-05-03,139
978-1-4486-0602-3,Either yard economic while crime,Brian Wood,Fiction,2004-05-17,481
978-1-5319-4761-3,Baby skill like at about,Julie Baker,Fiction,1961-08-27,111
978-0-308-53165-9,Soldier hotel available too store,Alexa Simmons,History,1976-01-26,294
978-1-201-64577-1,Sound sport whole,Jeffrey Bryant,Romance,2022-11-23,791
978-0-636-64444-1,Administration notice capital find,Michael Harrison,Mystery,2003-08-16,227
978-1-872790-71-8,She admit,Kristin Williams MD,Science,1978-11-08,394
978-1-871140-47-7,Himself outside green,Christopher Thompson,History,1997-08-24,317
978-0-216-84545-9,Out wide international,Amanda Wilson,Fantasy,1960-12-28,800
978-1-947966-09-3,Upon police every,Mrs. Michaela Taylor,Romance,1975-11-30,218
978-1-05-898057-5,Remain minute everything,Robert Dennis,Romance,1985-03-25,429
978-1-5353-7779-9,Cover bring,Stephen Richardson,Romance,2015-09-19,179
978-1-102-99394-0,Air glass much,Daniel Armstrong,Non-Fiction,1999-09-20,289
978-0-916615-29-1,View himself,Amy Lopez,Science,2018-02-07,142
978-1-908020-09-3,And program,Phillip Alvarez,Mystery,1992-12-15,833
978-1-4604-8318-3,Same budget while factor,Deborah Foster,Fiction,1995-07-13,726
978-1-77901-348-4,Indeed gun cover daughter,John Villanueva,Romance,1992-05-09,736
978-1-362-20650-7,East put them how hospital,Roberta Barnes,Biography,2019-03-12,806
978-0-16-026637-9,Hand trial rate,Colleen Brown,Fiction,2001-02-19,556
978-1-69234-222-7,Reduce dog yes quickly change,Seth Perez,Biography,1974-10-30,658
978-0-410-01523-8,Bag sign book never,Joseph Reed,Philosophy,2016-06-10,646
978-1-168-62791-9,New range low long bad,Andrea Sherman,Fantasy,1960-02-12,119
978-1-356-98904-1,Threat before,Amanda Rose,Fiction,2019-06-12,114
978-0-380-00127-9,Policy program,Isaiah Smith,Romance,1972-02-28,804
978-0-7701-9743-8,Personal space hotel,Courtney Padilla,Biography,1976-03-12,503
978-1-199-18631-7,Very sister morning,Megan Hays,Romance,1996-11-22,891
978-1-141-99228-7,Politics green,Ann Mitchell,Self-help,2002-09-19,405
978-1-61452-005-4,Happen eat bed short down,Jenna Davis,History,1980-10-07,858
978-1-209-09716-9,Yeah half,Carla Cook,Fantasy,1986-08-03,982
978-0-13-145936-6,Return evidence population,Patrick Brown,Non-Fiction,1963-02-05,613
978-1-66840-276-4,Life year year give,Sarah Barrett,Science,1969-08-09,284
978-1-903109-33-5,Investment not piece list,Cynthia Booth,Self-help,1977-03-01,928
978-1-64994-764-2,Enter far entire long,Ashley Rodriguez,Non-Fiction,2014-01-11,468
978-1-78791-982-2,Painting run figure,Elizabeth Dean,Fantasy,1963-07-02,462
978-0-03-646247-8,Wall require approach,Melissa Robinson,Fiction,2022-06-05,321
978-1-79516-684-3,Strategy reason actually free,John Hardy,Non-Fiction,2024-03-25,133
978-1-66099-750-3,Shake partner father,Rachel Mason,Biography,1974-04-09,130
978-0-85040-535-4,Similar professional role against society,Mary Gomez,Science,1985-02-10,387
978-1-4002-7954-8,Heavy safe sister artist reveal,James Cooper,Non-Fiction,1988-12-15,937
978-0-7454-3463-6,Method my,Stacy Johnson,Science,1971-03-20,273
978-0-478-50200-8,Clearly society section those,Jeffrey Roberts MD,Philosophy,1971-03-22,647
978-1-60858-329-4,Church figure view,Jennifer Allen,Philosophy,2000-05-20,821
978-0-09-664481-4,His work,Mark Thomas,Romance,1973-01-27,510
978-1-07-403058-2,Rate place,Elizabeth Larson,Fiction,2011-07-06,520
978-0-7698-8527-8,Figure toward fact,Terry Hodges,Biography,1987-05-29,122
978-1-5454-7756-4,Source right successful have,Heather Hall,Fantasy,1992-06-08,538
978-1-171-76988-0,Out home concern former,Michael Taylor,Mystery,1992-02-24,89
978-0-7126-0844-2,Nor later,Francisco King,Biography,1971-12-10,731
978-0-9576453-5-6,American experience,Robyn Smith,Romance,1981-05-05,433
978-0-462-85094-8,Receive tax growth,James Kim,Science,1966-03-10,457
978-0-200-78997-4,Radio can school reveal learn,Michelle Yates,Biography,1968-01-31,240
978-1-55286-027-4,Former seem modern,Megan Wilson,Self-help,1973-11-14,711
978-0-8424-5594-7,Sea such,Sandra Blanchard,Fiction,2004-07-19,783
978-0-310-02835-2,Statement ever,Wanda Nixon,Self-help,1968-01-12,806
978-0-7779-8703-2,Expect student level,Charles Cunningham,Mystery,1987-04-26,143
978-0-928051-47-6,Small international you full,Joseph Hayes,Philosophy,2008-09-28,277
978-1-4697-2547-5,Already cause,Mary Johnson,Self-help,1978-06-20,988
978-1-9855-7881-4,Responsibility cause,Amy Smith DDS,Mystery,1983-09-06,421
978-1-293-41916-8,Bill dog story Mrs,Kimberly Miller,Fantasy,2014-12-15,308
978-0-02-534229-3,Attorney glass former,Sara Sparks,Fantasy,2010-11-05,670
978-1-398-25106-9,Turn see threat if past,Mark Wells,Non-Fiction,1982-09-14,390
978-1-946039-47-7,By spring,Timothy Wilson,History,1963-02-02,679
978-1-926637-66-2,Past body ago control discussion,Francis Zimmerman,Romance,1977-03-28,78
978-1-916077-89-8,Mission court free baby husband,Andrew Allen,Romance,1989-12-07,930
978-1-252-77421-5,Establish couple look difficult make,Joshua Hines,Science,1975-04-12,848
978-0-274-88250-2,Herself minute goal,Lee Smith,Non-Fiction,2001-01-11,118
978-0-333-69164-9,Last of group very,John Burke,Non-Fiction,2015-05-01,392
978-1-158-76844-8,Now suddenly personal Mrs father,Kayla Brandt,Mystery,2009-12-30,407
978-1-387-52423-5,Night article Mr should Republican,Clinton Jensen,Mystery,1998-03-08,316
978-0-8149-7714-9,To meeting treatment serious,Philip Smith,Romance,1990-10-29,677
978-0-88529-817-4,Remain toward star,Kathleen Neal,History,1968-04-13,195
978-1-84859-860-7,Simple shake,Peter Weaver,Philosophy,1956-05-15,574
978-1-71825-643-9,Themselves fine consider push,Jeffrey Wilson,History,1973-02-20,184
978-1-252-18088-7,Perform economic scientist certainly either,Sandra Mccullough,Fiction,2017-09-06,772
978-1-09-543538-0,Order own perform,John Bennett,Mystery,2019-02-09,131
978-1-100-69803-8,Someone want will,Todd Chapman,Romance,1973-03-08,566
978-1-189-25485-9,Successful safe least,Joseph Smith,Fiction,2022-07-28,854
978-1-76300-767-3,Agreement left true body,Jacob Scott,Philosophy,2006-10-06,216
978-0-239-07542-0,Want hundred skill,Wayne Brown,Philosophy,2019-06-07,388
978-0-282-60170-6,Of kitchen type father attorney,Marissa Kerr,Romance,1973-03-03,959
978-0-9545544-3-9,Animal business thank,Virginia Ward,Romance,1958-06-14,485
978-1-176-05903-0,Western team court,Samantha Todd,Biography,2023-01-12,387
978-0-572-93130-8,Cut instead but,Lindsay Brown,Science,2017-03-31,162
978-1-153-23439-9,Oil magazine compare affect bank,Daniel Harris,Non-Fiction,1968-12-25,714
978-0-313-39994-7,Coach word table school,Jason Williams,Fiction,1962-04-21,487
978-0-650-36814-9,Head prepare ask,Jay Perez,Fiction,2021-11-11,205
978-0-04-656536-7,Back religious,Daniel Garcia,Fantasy,2001-01-01,564
978-1-61807-189-7,Financial anything,Valerie Richards,Fiction,2002-11-05,903
978-0-7177-8220-8,Become really,Lori Smith,Biography,1958-02-06,577
978-1-86047-515-3,First later trade,Francis Lawson,Self-help,1987-02-25,824
978-0-11-910115-7,Everybody school avoid theory society,Misty Chaney,Self-help,2025-06-03,180
978-1-243-16053-9,Move tell stock,Benjamin Gross,Biography,1998-08-19,124
978-1-117-69652-2,Up camera by,Debra Cooper,Biography,2010-05-28,274
978-1-65323-942-9,Its every money act,Vanessa Taylor,Fiction,1989-11-14,696
978-1-951736-12-5,Religious get,Candice Gibson,Non-Fiction,2013-10-16,881
978-1-279-73265-6,Town four true,Troy Miller,Philosophy,2006-08-21,303
978-0-14-646935-0,Evening leader air,Patrick Duke,History,2013-03-20,542
978-0-7605-9764-4,Movie investment,William Callahan,Fantasy,1976-06-27,870
978-0-11-612505-7,Rise trial tonight,Jessica James,Science,2023-09-30,87
978-1-01-333141-1,Shake throughout product grow,Stephen Martin,Biography,2022-03-14,468
978-0-16-384385-0,Especially game hand,Eric Hunt,Fantasy,1989-03-12,697
978-1-60826-498-8,Marriage able fast series,Jessica Davis,Romance,2022-03-11,665
978-0-85210-518-4,Box pick group,Olivia Newman,Biography,1964-04-24,585
978-0-7547-9145-4,Rich light yes game,Paige Johnson,Non-Fiction,2023-03-25,153
978-0-407-01997-3,Reason against establish take less,Melissa Garcia,Mystery,1973-06-29,56
978-0-12-130986-2,Accept heart follow product,Mr. Clinton Floyd,Biography,1994-08-09,465
978-1-4614-7758-7,Society girl whom TV go,Nicholas Valenzuela,Science,1985-04-19,453
978-1-5248-0272-1,Morning myself they change,John Scott,Fantasy,2004-06-12,891
978-1-4751-0673-2,We order eat,Jean Davis,Romance,2006-05-08,863
978-0-633-90647-4,Similar catch,Aaron Wilson,Biography,2008-05-20,757
978-0-446-07983-9,System section leader,Barbara Burton,Science,2019-05-31,415
978-0-599-88602-5,Civil church good evidence protect,Wendy Taylor,Fiction,1989-12-19,588
978-0-9570317-6-0,Myself debate thank interview goal,Aaron Golden,Biography,1997-03-26,356
978-0-348-04742-4,Over finally other,Joshua Parker,History,2015-12-25,801
978-1-02-268216-0,Poor else,Gregory Ruiz,History,1999-12-13,380
978-0-245-82446-3,Play specific address how certain,James Brown,Romance,2018-05-15,951
978-1-346-76981-3,Their young gas,Mrs. Mary Smith,Mystery,1984-06-28,545
978-1-962108-04-1,Close no early best,Jeffery Diaz,Mystery,1997-09-17,54
978-0-382-70716-2,Left resource,Michael Jefferson,Non-Fiction,1965-08-19,142
978-1-246-09607-1,Next brother possible,Katherine Patton,Biography,1962-04-07,691
978-0-302-28083-6,Face price stage,Elaine Munoz,History,2010-04-28,748
978-1-345-28524-6,Hand peace ok set,Rodney Myers,Non-Fiction,1961-09-08,709
978-0-945349-59-4,Reason sure concern not show,Erica Goodman,History,1966-12-14,455
978-0-8497-4429-7,Foreign onto out cultural test,Holly Smith,Biography,1997-02-26,962
978-1-67471-548-3,Own discussion,Michael West,Mystery,1968-09-08,949
978-1-349-23473-8,Behind five easy mind,Tamara Brown,Fiction,2016-03-06,676
978-1-160-47999-8,Father blue a,Jennifer Simon,Non-Fiction,1980-03-11,612
978-1-74397-715-6,Plant attack produce,Monica Cardenas,Science,1967-10-22,177
978-0-87618-152-2,Which network,Christy Moran,Non-Fiction,2011-05-11,846
978-1-4360-0737-5,Wall until either community,Christopher Perez,Mystery,1996-10-20,757
978-0-556-34205-2,Record significant to,Laura Silva,Romance,1993-01-17,642
978-0-623-07409-1,Green thus after try data,Scott Rocha,Biography,1981-09-29,184
978-1-252-48981-2,Also culture computer nation reduce,Jamie Stephens,Self-help,1983-05-18,141
978-0-7131-6122-9,Get itself over she,Kelly Hart,Philosophy,1957-03-19,878
978-1-75819-001-4,Difference little whole threat,Jennifer Morrison,Philosophy,1993-10-23,674
978-1-76752-214-1,Traditional glass big,Natalie Jones,History,2021-11-22,427
978-0-7340-9758-3,Of material then population since,Christopher Miller,Science,1976-03-26,830
978-0-256-22855-7,Very charge just,Michael Davis,Romance,1989-05-05,989
978-1-4698-2874-9,Government sound in soon Mrs,Brandon Alvarez,History,1957-04-20,289
978-1-7396573-4-5,Improve red various,David Cook,Self-help,1972-12-09,958
978-1-907365-06-5,Stand civil,Kelly Santiago,Philosophy,2014-08-16,328
978-0-366-71993-8,Yard people today,Paul Walker,Philosophy,1992-12-17,995
978-0-334-49980-0,Car month least table one,Elizabeth Boyd MD,Non-Fiction,1971-12-29,692
978-1-62725-476-2,Item general say miss,Matthew Weber,History,1985-07-08,942
978-0-904948-64-6,List heart,Anthony Freeman,Mystery,2021-05-30,738
978-0-7974-8328-6,Floor Congress myself per system,Erin Baker,Non-Fiction,1966-09-21,293
978-0-01-953275-4,Condition foot,Mr. Peter Wright MD,Non-Fiction,1988-05-11,928
978-1-07-096365-5,Husband rock low,Brittany Gordon,Self-help,1987-11-30,684
978-0-7349-4861-8,Idea response care series,Lindsey Thomas,Fiction,2010-11-21,918
978-0-12-879646-7,Art beautiful box story,Mrs. Erica Barnes,Science,1972-06-18,251
978-1-05-387213-4,Sell officer,Theresa Wilson,Self-help,2011-11-08,755
978-1-904853-78-7,Also present respond,David Saunders,History,1957-09-11,160
978-1-81763-713-9,Degree entire as,Allison Bentley,Fantasy,1995-10-02,163
978-0-03-205213-0,Media across try,Tammy Torres,Fantasy,1965-01-27,602
978-0-8252-4749-1,Finally kitchen price,Debra Williams,Biography,1990-03-01,230
978-0-494-85713-7,Determine anyone customer industry,Haley Poole,Fiction,1983-09-06,786
978-1-989320-12-9,Last opportunity south,Peggy Browning,History,2015-05-07,359
978-1-58711-684-1,Blood draw,Kelly Brooks,Fantasy,1999-01-05,551
978-1-106-61753-8,Ask southern peace loss,Tonya Mitchell,Fiction,1961-01-03,837
978-1-4857-3979-1,Put baby,Henry Gonzalez,Self-help,2017-11-09,452
978-1-82522-260-0,Two husband tell bar,Pamela Bradley,History,1991-03-01,564
978-0-494-81598-4,Scene television event over wonder,Melinda Morgan,Romance,1983-06-22,857
978-1-5225-5478-3,Tell hospital catch its general,Michael Chandler,Fiction,2004-02-13,923
978-1-4144-3598-5,Republican stuff both,Gary Long,Mystery,2007-10-22,771
978-0-486-23097-9,Blue would term,Lisa Kelley,Fantasy,1991-06-18,820
978-1-4095-4068-7,Five amount,Maria Hicks,Mystery,2020-08-19,350
978-1-4584-2421-1,Same across later,Elizabeth Alexander,Science,1984-10-10,774
978-0-473-72324-8,Risk friend material,Jerry Castaneda,Fantasy,2018-12-26,357
978-0-902870-97-0,Cell media eat,Ryan Leach,Mystery,1962-07-09,78
978-1-56726-213-1,Six once serve,Alexander Martin,Self-help,1960-11-11,546
978-0-369-49297-5,Peace since of,Bradley Bryan,Biography,1969-11-28,472
978-1-4419-6210-2,Tell spend,Sean Bryan,Non-Fiction,1988-03-12,826
978-1-9815-6263-3,Let movie mention doctor,Wendy Johnston,Science,1957-05-04,151
978-1-02-457759-4,Movie the least traditional,Tamara Smith,Non-Fiction,1981-06-01,173
978-0-15-771231-5,Economy project book,Miranda Cox,Self-help,1958-12-30,160
978-0-13-320269-4,Financial base evening,David Walton,Non-Fiction,1986-05-10,349
978-1-4389-5438-7,Significant wide ball manage very,Jeffrey Graham,Philosophy,1957-02-05,299
978-0-629-70159-5,Along seem reduce,Beth Lynch,History,2015-10-17,302
978-1-308-88222-2,Provide use simple close just,Todd Clark,Non-Fiction,2004-11-28,993
978-1-900199-17-9,Concern safe benefit,Frank Curry,Self-help,2005-02-22,291
978-0-17-897460-0,Hot increase assume cultural,Aaron Costa,Fantasy,2015-10-01,841
978-0-310-74064-3,Order enter professional,Michelle Henderson,Philosophy,1994-11-28,674
978-1-368-82813-0,Action take or performance entire,Gabriel Andersen,Self-help,1962-08-28,709
978-0-88444-113-7,Prove continue cell,Michelle Collins,Science,1987-08-06,849
978-1-77608-155-4,Environmental receive sign fly push,Gary Sandoval,Fiction,2015-05-11,815
978-0-16-441740-1,Until western situation,John Hernandez,Biography,2002-02-16,894
978-0-05-158613-5,Worker forget station,Kyle Compton,Fantasy,2023-12-29,201
978-1-351-75550-4,Would fire some,Brenda Barker,Self-help,1961-04-19,437
978-0-548-76572-2,Job speech leader any,Colleen Martin,Non-Fiction,1989-12-23,68
978-0-675-06451-4,Night material,Mario Davis,History,2006-08-28,659
978-1-69410-996-5,Sort determine executive through design,Amanda Carroll,Mystery,1972-07-20,848
978-0-514-63955-2,Whose project street against fast,Kristen Jones,Biography,1965-06-25,951
978-1-143-36296-5,Its drive anyone western avoid,Jared Hunt,Mystery,1965-02-27,338
978-0-585-72327-3,For network industry personal drive,Matthew Henderson,Romance,2005-02-18,238
978-1-4720-3769-5,Window often environmental,Whitney Johnson MD,Non-Fiction,1982-10-27,360
978-0-9500061-7-8,Nice lay,James Cruz,Romance,1998-01-10,287
978-1-287-29625-6,This fast treat task,Trevor Evans,History,1994-12-11,639
978-0-9772150-3-4,Seven measure,Joel Woods,Romance,1984-02-01,222
978-0-377-22683-8,Board itself three arrive,Dr. Christina Collins DVM,Science,1979-11-27,574
978-0-280-13675-0,Test community western,Jessica Shaffer,Non-Fiction,2018-11-16,211
978-0-658-56108-5,Air modern area reduce especially,Daniel Young,Science,1993-06-16,139
978-1-238-62192-2,Site decide writer particular,Lauren Page,Romance,1982-06-19,975
978-0-327-20597-5,Pressure especially somebody last,Michael Acosta,Romance,1965-11-02,244
978-0-379-96920-7,Serve push,Sydney Davis,Non-Fiction,1958-11-24,133
978-1-949660-88-3,White Republican never day surface,Clifford Miller,History,1995-05-02,271
978-0-249-58486-8,Light agree matter,Austin Taylor,Self-help,1961-09-17,218
978-1-04-562355-3,Size method suffer,Paula Freeman,Mystery,1981-04-28,558
978-0-218-60890-8,Each since they,Courtney Farmer,Biography,2015-11-08,417
978-0-427-27961-6,Because town bag,Melissa Mcclain,Science,2012-11-23,937
978-0-7726-8799-9,Region radio rule,William Johnson,Fantasy,1998-03-18,702
978-0-7361-8015-3,Machine player citizen past effect,Robert Woodard,Science,2011-07-14,306
978-1-05-047127-9,Task job sea community everything,Brian Davis,Science,1992-05-18,997
978-1-308-21440-5,Stand model study decide read,Tyler Casey,History,1996-04-27,889
978-1-06-265190-4,Discover improve growth our,Robert Jackson,Science,2002-02-24,521
978-1-85618-605-6,Find up military,Felicia Kane,Mystery,2009-01-25,273
978-0-698-59507-1,Away top consumer tough gun,Sarah Castaneda,Self-help,2006-04-03,224
978-0-10-816596-2,Nice skill,Kathleen Foster,Mystery,1977-12-20,534
978-0-7625-9212-8,Suddenly religious watch,Robert Heath,History,2010-09-01,751
978-0-259-91709-0,Federal represent raise cell,Melissa Olson,Fantasy,1979-10-06,653
978-1-76490-727-9,Spend garden account because old,Sheila Nelson,Self-help,2013-06-10,797
978-0-929747-56-9,Head attack somebody fight,Brandi Fischer,Mystery,1978-12-07,740
978-0-447-66037-1,Democratic sell list away,Michelle Miller,History,1962-01-26,223
978-1-5154-2986-9,System not plant let,Steven Johnson,Science,1979-05-08,457
978-0-9721007-3-1,Happy fact wall anything,Albert Larson,Philosophy,1955-06-18,827
978-0-908851-03-4,Million knowledge often,Cynthia Brooks,Fantasy,1996-04-15,218
978-0-85419-387-5,Create challenge official evidence,Kenneth Frazier,Science,2017-05-14,111
978-0-941265-82-9,Shoulder face on write rate,Carl Harris,Fantasy,1962-12-13,556
978-1-7362585-3-8,Away several,Brianna Black,Philosophy,2000-10-19,170
978-1-69814-941-7,Successful your shoulder mention,Veronica Burton,History,1964-04-29,561
978-1-100-45816-8,No institution blood,Kevin Roberts,Self-help,2024-11-17,76
978-1-991792-11-2,Visit former tree dog,Robert Kennedy,Mystery,1999-03-13,741
978-1-291-22185-5,Thousand them,Virginia Mitchell,History,2017-02-04,844
978-1-5361-0920-7,Ground since,Anthony Hodge,Mystery,2005-07-22,750
978-0-375-50756-4,Chair mind involve member,Jessica Mueller,History,2004-12-06,345
978-1-399-05833-9,Thousand line,Todd Yoder,Non-Fiction,2010-07-26,927
978-0-321-29757-0,Leader institution time majority,Donna Johnson,Fiction,1971-08-05,975
978-1-58342-842-9,Worker well science,William Beltran,Self-help,1956-02-01,614
978-1-4349-5881-5,Respond federal,Richard Hernandez,Philosophy,1993-10-11,975
978-1-60812-610-1,Money hard above,Tyler White,Mystery,1979-11-23,488
978-1-971212-52-4,Defense whom pay,Micheal Petersen,Fiction,2004-03-27,983
978-0-7997-8412-1,Strong series,Curtis Taylor DVM,Fantasy,1959-04-10,273
978-0-9994956-7-4,Sign order wonder serve chair,Andrew Rodriguez,Biography,1973-07-09,143
978-1-85090-473-1,Too amount,Robert Pena,Mystery,1968-03-29,176
978-0-306-44797-6,Single like nearly,Emily Sparks,Non-Fiction,2010-02-06,435
978-1-5295-8118-8,Every be politics,Tina Shaw,Romance,1957-04-20,703
978-1-165-69672-7,Office build amount sea human,Tammy Harris,Mystery,1966-12-19,699
978-0-10-766077-2,Themselves simple lot,John Frederick,History,1960-07-31,900
978-1-393-72795-8,Method market story attorney,Lisa Hall,History,1956-12-28,795
978-0-522-56097-8,Film career after operation vote,Mrs. Lynn Cortez,Romance,1966-09-20,915
978-1-187-30339-9,Young culture,Luis Russo,Science,2020-12-23,596
978-1-59409-205-3,Sense society price,Bruce Adams,Fiction,2008-11-06,442
978-0-339-70343-8,Management month,Michelle Morgan,Mystery,1974-06-08,429
978-0-358-50009-4,Floor land create,Michael Graham,History,2020-05-05,919
978-1-907794-66-7,Condition weight big involve,Monica Wall,Romance,1961-05-02,51
978-0-443-05378-8,Throw quality,Michelle Freeman,Non-Fiction,1979-10-16,711
978-0-7060-0262-1,Center send question,Crystal Perry,Romance,1981-02-05,596
978-0-8484-3583-7,Couple business better,Scott Collins,Romance,1964-01-07,428
978-1-78311-273-9,Home research,Jose Paul,Fiction,2008-08-06,258
978-0-04-479265-9,Heavy well star when,Sheena Miller,Philosophy,1990-04-23,173
978-1-4163-4294-6,Garden tax good memory,Aaron Baker,Non-Fiction,1955-09-29,727
978-1-9734-1933-4,Imagine tax military,Christopher Perez,Science,2008-12-04,313
978-0-9793834-7-2,He find,Joseph Garrett,Fiction,1999-08-19,93
978-1-80664-504-6,Interesting agent,James Morris,Fiction,1968-12-23,724
978-1-122-92554-9,Manage argue,Melissa Hughes,Romance,2006-12-23,992
978-1-55516-977-0,Trip anything your,Michael Brown,Mystery,1980-11-11,591
978-0-7697-5849-7,Compare range to drop,Melissa Sanders,Mystery,1964-11-01,401
978-1-72075-805-1,Sign arm though,Kevin Anderson,Fiction,2003-11-08,728
978-1-242-19843-4,Up four still most performance,Mr. Christopher Wilkerson,Philosophy,1992-12-12,385
978-1-64179-722-1,Man black size,John Holmes,History,1984-09-14,823
978-0-294-97829-2,Suffer appear tax ready,Danielle White,Science,1964-07-09,371
978-1-257-87441-5,Five draw popular,Kevin Ayers,History,1962-01-31,104
978-1-4432-9417-1,Into would drug,Monica Hunter,Romance,2019-02-09,372
978-1-00-940487-7,Worry here evidence tough,Cassandra Gonzalez,Philosophy,2014-07-15,495
978-1-380-54457-5,Realize word evening ability,Melissa Mosley,Non-Fiction,1997-02-03,607
978-0-314-01815-1,Interview page always interview than,Paula Miller,Self-help,2003-01-01,939
978-1-884433-77-1,Leg collection serious,Lauren Gibbs,Mystery,1979-07-24,73
978-0-257-26062-4,Speech pattern be,Kimberly Ward,Biography,1991-03-17,74
978-0-559-94296-9,Then until bed,Kenneth Knight,History,1959-01-24,944
978-0-551-54982-1,Word rate have,John White,Self-help,2008-09-13,364
978-0-446-18046-7,Far adult conference,Aaron Livingston,Mystery,2022-02-15,76
978-1-9781-0366-5,Treat nation enough among method,Nicole Ferguson,Fantasy,2025-02-16,983
978-1-936828-33-3,During will little tough,Andrew Wagner,Fiction,2023-11-25,992
978-1-60217-790-1,Race place surface whose,Alan Huber,Fiction,2016-04-18,428
978-1-09-045037-1,Bank hot,Tammy Dodson,Mystery,2010-08-01,652
978-0-664-90546-0,Wait nature however,Danielle Hines,Philosophy,1997-08-18,179
978-1-72846-286-8,Practice military,Laura Hughes,Romance,1991-09-09,964
978-1-7356664-0-2,Serve concern generation,Mary Gonzalez,Fantasy,1972-05-13,492
978-0-8180-1682-0,Affect site any,Belinda Garcia,Mystery,1968-07-24,940
978-1-119-48977-1,Present factor American,Gary Mills,Fantasy,2018-09-29,939
978-1-394-05908-9,Husband majority part,Michael Lawson,Fiction,1998-05-24,922
978-0-86589-826-4,Find theory anyone,Robert Sanders,Philosophy,1981-02-24,841
978-0-8481-5171-3,Present begin light site shoulder,Cassandra Evans,Fiction,2000-03-03,980
978-1-4878-5141-5,Realize indeed free live better,Gary Murray,Fiction,1961-05-14,528
978-0-13-313789-7,Customer rich next big,Brandon Beck,Mystery,1999-04-22,507
978-1-4735-2629-7,Successful race some force,Kristi Russell,Romance,1988-04-05,547
978-0-934904-02-5,Whose agency,Carolyn Gross,Biography,2000-06-16,649
978-0-308-90230-5,Teach position avoid direction,Jacob Young,Science,2019-06-14,255
978-0-632-59031-5,Character matter perform must,Brianna Barnett,Science,2023-07-23,178
978-0-301-05944-0,Second drop job,Garrett Horton DDS,Science,1980-06-24,499
978-1-333-28693-4,Money go computer,Jeff Hill,Self-help,1997-02-19,569
978-1-65661-242-7,Trip suffer,Amy Decker,Science,1995-10-17,981
978-1-68545-854-6,These firm,Elizabeth Vargas,History,1967-10-18,414
978-1-4924-1174-1,Try bad parent,Joel Fleming,Fiction,2010-02-18,489
978-1-385-59790-3,Student government continue,Stephanie Gomez,Self-help,1966-05-01,279
978-0-89256-649-5,Local strong reality seek,Stephanie Crawford,Fantasy,2016-09-30,208
978-0-547-90597-6,Decide class born true,Kevin Nunez,History,2021-03-26,945
978-1-4098-4484-6,Traditional show strong follow film,Nicole Wilson,Mystery,1986-08-25,742
978-0-945294-77-1,Sea particularly person,Angela Robinson,Philosophy,2020-10-13,256
978-1-58401-103-3,Million concern everybody tend,Kelsey Sexton,Fantasy,1985-09-11,481
978-1-76748-247-6,Effort black method with continue,Robin Gonzalez,Fantasy,1956-10-30,518
978-1-264-79123-1,Media night will laugh friend,Alicia Jones,Philosophy,2005-04-12,930
978-1-71415-498-2,Must evening material glass,Sherry Shepard,Mystery,1976-04-21,346
978-0-507-81363-1,One up common edge military,Rachel Mcdonald,Fiction,2017-03-07,309
978-0-494-13343-9,Build lawyer night other,Virginia Moore,Romance,1992-11-14,674
978-1-82051-441-0,Rate safe region,Michelle Young,Romance,1984-10-11,342
978-0-8309-5538-1,Anyone professional,Catherine Bailey,Science,1977-03-29,720
978-1-09-035817-2,Main third bill interview community,Carol Adams,Romance,1959-07-21,197
978-0-927134-15-6,Represent attack president per pick,Kyle Alvarado,History,1955-08-06,903
978-1-00-623132-2,Finally network have half,Laura Rodgers,Fantasy,1987-04-29,482
978-1-253-76260-0,None enter happen,Peter Cruz,Philosophy,2014-12-05,480
978-0-213-74262-1,If million,Michael Myers,Non-Fiction,1963-08-07,129
978-1-184-62453-4,President state partner dog,Jeffrey Thomas,Science,2010-01-31,304
978-0-86846-689-7,Air position significant not note,Ashley Owens,Romance,1995-12-22,986
978-1-4318-0631-7,Appear resource hit story,Julia Martin,Romance,2013-02-28,614
978-1-247-31097-8,Nearly start month,Charles Black,Biography,1964-02-07,832
978-1-285-23767-1,Billion act environment,Samantha Bailey,Romance,1983-04-30,877
978-1-203-79241-1,Someone fish kitchen save themselves,Christopher Koch,Philosophy,1968-10-03,761
978-1-317-40170-4,Conference yeah per,Austin Snyder,Science,1962-04-07,143
978-1-4605-1154-1,Air father you old,Joseph Patterson,Fiction,2006-01-06,231
978-0-349-26663-3,Car suddenly program,Caitlin Ryan,History,1971-04-06,138
978-0-10-880936-1,Perhaps office her,Larry Larson,Biography,2024-10-31,573
978-1-5133-8791-8,Debate you size surface whom,Max Hoffman,Romance,2008-10-31,593
978-0-664-77250-5,Seat financial,Heather Garcia,History,1976-01-27,964
978-1-59179-271-0,Way process blue,Nancy Hall,Self-help,1996-09-09,868
978-0-508-05506-1,Game energy question probably will,Shannon Ramirez,Fiction,2022-07-06,389
978-1-158-94626-6,Final part,Maria Horn,History,1961-06-16,657
978-0-613-71791-5,Same commercial single explain,Michael Mckinney,Science,2008-08-30,110
978-0-442-71061-3,Throughout generation east use,Christina Padilla,History,1991-11-16,369
978-1-4951-1299-7,Certain organization authority,Daniel Schroeder,Biography,2020-09-19,176
978-1-4899-2326-4,Gas interesting include true,John Gillespie,Self-help,2013-02-09,946
978-0-506-72664-2,What own personal,Katie Rogers,Philosophy,1973-05-25,365
978-1-74689-454-2,Detail side reach chance,Christine Collins,Mystery,1970-12-22,660
978-0-928704-04-4,Fish occur suggest million,Darlene Griffin,History,1957-02-17,208
978-1-375-60341-6,Class chair close,Pamela Ray,Self-help,2023-06-02,553
978-0-655-26118-6,Join cost standard future decision,Michael White,Philosophy,1970-05-03,842
978-1-56992-931-5,Bring manager hundred phone,Terry Cortez,History,1973-05-02,642
978-0-569-11433-2,Civil before assume debate attorney,Joan Romero,Romance,1999-11-26,492
978-0-7444-3484-2,Happy sort couple act,Denise Walter,Fantasy,2011-07-24,796
978-0-364-00037-3,Work no least candidate discussion,Denise Carrillo,Mystery,2010-03-29,208
978-0-03-346968-5,Politics thing,Dr. Joseph Galloway,Biography,1996-05-21,722
978-1-84646-652-6,Middle ten side,Rebecca Hayes,Non-Fiction,1989-11-17,569
978-0-368-38830-9,Station note lay,Dr. Sandra Dean,Non-Fiction,1979-01-20,846
978-1-4355-2436-1,I human but,Nicholas Norris,Non-Fiction,1957-05-26,301
978-1-283-09143-5,Standard put foreign forget,Sara Smith,Philosophy,1997-06-20,746
978-0-341-43500-6,Focus with with quality,Hannah Lee,Mystery,1976-01-18,178
978-1-941126-31-8,Beautiful tough between,Jon Tucker,Self-help,2012-12-29,261
978-1-312-53022-5,Here couple,Heidi Martin,Science,2007-01-04,322
978-0-906986-39-4,Begin information history have no,Donald White,Science,2014-09-17,121
978-0-295-20726-1,Get speak kind,Kayla Gray,Romance,2007-12-25,503
978-1-85149-244-2,Picture pick,Darryl Avila,Biography,1999-05-14,485
978-1-84203-432-3,Worry serve commercial suffer,William Taylor,Non-Fiction,2005-04-29,415
978-0-8474-7767-8,Ok lead however speech,Tracy Velez,Mystery,2024-05-31,476
978-1-4154-3936-4,Air dog worry,Laura Johnson,Philosophy,2013-01-06,203
978-0-07-618095-0,Set rise however,Ariana Kennedy,Romance,2020-12-12,717
978-1-05-195295-1,Among today citizen fall marriage,Pamela Foster,History,1984-09-27,605
978-0-500-85477-8,Ground behavior who land,Sandra Watson,Non-Fiction,2013-09-12,190
978-1-960482-71-6,Hotel forward far red,Mary Lucas,Self-help,2023-04-01,172
978-1-4085-3050-4,Per win answer budget possible,Mark Ruiz,Romance,2010-07-26,543
978-0-00-173637-5,Old face letter,Daniel Fisher,Biography,1999-05-01,583
978-0-440-62108-9,Despite black whole marriage,Michael Cisneros,Fantasy,1973-11-07,156
978-0-527-71907-4,Teach federal ability,Faith Tran,Non-Fiction,1969-06-22,116
978-1-78929-770-6,Talk wife game maybe quality,Holly Vega,Non-Fiction,1971-06-09,366
978-1-62814-643-1,Player sort,Joshua Taylor,History,1991-10-17,462
978-1-191-94504-2,Crime goal employee candidate,Ricardo Brown,Fiction,1972-02-23,72
978-1-63471-630-7,Bag approach present bit,Maurice Banks,Fiction,1972-01-30,635
978-0-86852-864-9,Decision often outside hospital dog,Kevin Owens,Philosophy,1956-03-14,847
978-1-908325-74-7,Market school serve,Kylie Farrell,Fantasy,2008-03-16,240
978-1-102-11459-8,System at order,Tiffany Smith,Fantasy,2011-08-05,493
978-1-68607-658-9,Career bar risk how,Mark Harris,Philosophy,1989-10-15,927
978-0-209-83637-2,Rest whatever southern shake,Patrick Brown,Biography,1958-01-18,736
978-1-389-14392-2,Occur operation science,Lindsay Alexander,Non-Fiction,1955-07-15,789
978-0-624-20722-1,Test phone,Matthew Crosby,Non-Fiction,1965-04-21,339
978-1-86366-798-2,Food hold stop population,Peter Miranda,Non-Fiction,2011-05-29,690
978-0-11-133368-6,Student art call,Jonathan Mcdonald,Non-Fiction,2010-04-01,319
978-0-7330-7011-2,Picture reason,Beverly Ingram,Mystery,2008-08-15,393
978-1-65846-671-4,Once where carry,Julie Sloan,Fantasy,1980-03-12,134
978-1-936907-74-8,Issue stay remain,Cynthia Trujillo,Philosophy,1962-09-20,369
978-1-62540-812-9,Hot job military,Eric Hamilton,Self-help,1970-11-15,700
978-1-4564-5417-3,Left alone arrive read,George Armstrong,Fantasy,1998-10-03,267
978-1-222-98035-6,Apply wear,Sara Sharp,Self-help,2022-06-23,857
978-1-878241-98-6,Kitchen prevent coach body officer,Jessica Johnson,Philosophy,1968-04-22,824
978-1-00-597147-2,Or quickly modern past character,Kelly Woodward,History,1970-07-19,447
978-0-291-51141-6,Including only black shake customer,Joanna Adams,Science,2019-09-26,512
978-0-8460-3599-2,General dinner development wear,Carrie Smith,History,2006-08-24,882
978-1-77270-946-9,Claim camera,Theresa Bailey,History,2006-04-06,86
978-0-512-34321-5,We state military TV learn,Frances Barrett,Romance,2005-06-27,314
978-0-601-36569-2,Tonight develop arrive,Brooke Mitchell,Fantasy,2008-02-24,91
978-1-293-14098-7,Spend two walk common,Ashley Horton,Mystery,1971-03-25,695
978-0-444-43721-1,Sign read improve nor,Marc Mitchell,Romance,2007-10-02,314
978-1-79045-066-4,Stay hundred,Timothy Smith,Philosophy,2023-08-29,834
978-1-75748-042-0,Media physical single,Emily Hernandez,Non-Fiction,1978-08-04,371
978-0-7485-7003-4,Building leg where gas,Cody Christian,Fantasy,1960-12-14,74
978-0-9646463-5-3,Until head,Jamie Miller,Self-help,1974-11-19,191
978-0-251-50222-5,Get resource interesting,Jonathan Wilson,Self-help,2000-08-06,153
978-0-926914-70-4,Through street,Martha Anderson,Mystery,2005-02-24,591
978-1-5112-9417-1,Offer market economy social news,Michael Gallagher,Self-help,1982-08-02,73
978-0-403-20041-2,Next hard,Kenneth Carney,Philosophy,2022-02-17,381
978-0-485-83787-2,Individual phone police,Jonathan Cohen,Science,1974-02-27,113
978-0-644-96969-7,Last particular when explain,Amy Warner,Science,2021-01-07,645
978-1-4259-0045-8,Small economy election,Dustin Vargas,Biography,2001-09-15,118
978-1-68057-441-8,However lay or key,Louis Reynolds,Science,2014-10-22,290
978-0-280-88918-2,Huge week wear center hair,Dana Greene,Mystery,2024-02-13,576
978-0-86247-886-5,Increase fund,Matthew Bell,History,2020-10-15,781
978-0-527-64965-4,Yes arm white large keep,Ryan Padilla,History,1983-07-19,762
978-1-4553-6995-9,Record cut,Sean Wilkins,Mystery,1979-03-09,473
978-1-4901-4611-9,Strategy word look realize,Sara Morris,Romance,2017-01-12,939
978-0-14-792543-5,Reality military issue without,Michael Santos,Biography,2017-08-16,184
978-1-08-393848-0,Area music computer hotel bar,Scott Henry,History,1999-07-09,841
978-1-00-555065-3,Three specific serious meeting,Emma Berry,History,1970-05-06,111
978-1-83400-162-3,Generation off order,David Spencer,Self-help,2011-04-01,919
978-1-148-17622-2,Heavy conference name,Stacy Smith,Philosophy,1991-02-10,585
978-0-07-963277-7,Late effort major amount bank,William Bass,Fantasy,1970-05-23,443
978-1-80988-126-7,Interest step,Allen Lynn,Fiction,1995-07-04,945
978-0-529-25045-2,Major represent,Mark Nguyen,Fiction,2020-05-23,230
978-0-9622278-2-0,Recently recently phone,Seth Young,Biography,2020-12-04,71
978-1-9731-0858-0,Point time range,Karen Taylor,Philosophy,2021-11-22,981
978-0-376-67624-5,Foreign toward blood coach,Tommy Burnett,History,1973-06-08,669
978-1-285-63417-3,Rate cell art though,Ashley Russo,Romance,1956-05-16,758
978-0-902391-35-2,How moment decision,Denise Herring,History,1967-09-27,796
978-1-272-06918-6,Give drug develop,Nichole Butler,Fantasy,1972-09-01,607
978-0-546-00017-7,Around either lead hot weight,Gabriella Suarez,Non-Fiction,1979-09-21,150
978-0-12-985747-1,My general,Danielle Howard,Science,1967-07-22,465
978-0-265-89417-0,East claim apply brother,Darrell Trujillo,Fantasy,1991-08-20,667
978-1-4738-9662-8,Quickly program finally prevent contain,Kayla Christensen,Romance,1962-01-08,717
978-0-8378-9155-2,Name American,April Hurley,Non-Fiction,2011-02-01,361
978-0-00-232944-6,Run realize,Kathy Woods,Romance,1985-05-06,881
978-1-79352-969-5,Deep interview remember imagine,Bryan Mueller,Biography,1973-11-27,384
978-1-55920-534-4,System budget administration,Heather Navarro,History,1981-11-18,823
978-1-76185-217-6,Several woman opportunity produce food,Jodi Simmons,Biography,1981-12-06,272
978-1-55824-828-1,Ever part scientist,Lorraine Lane,Mystery,2015-10-25,378
978-0-257-43243-4,Skill responsibility about put,Matthew Rose,Mystery,1990-08-08,629
978-1-4388-7664-1,Act worry yourself,Michael Johnson,Mystery,1960-05-20,581
978-0-7215-8060-9,Attack growth,Christopher Madden,Mystery,1959-10-22,668
978-1-331-97517-5,Site that operation,Melissa King,Biography,1962-02-14,393
978-0-506-97729-7,Dog its once attorney despite,Sharon Brown,Mystery,1961-11-02,265
978-0-319-22462-5,Woman everybody,Edward Booker,Philosophy,2019-03-16,993
978-1-73123-471-1,Member collection improve material,Elizabeth Davis,Biography,1981-04-14,714
978-1-969806-46-9,None politics treatment,John Humphrey,Philosophy,2020-10-25,609
978-1-77966-840-0,Environmental agent,Allison Cruz,Biography,2004-09-23,327
978-0-9810618-5-6,Thought respond control girl bit,Steven Barajas,Philosophy,1997-07-14,843
978-1-123-19654-2,Particularly one near suffer,Mikayla Hancock,Romance,2014-05-19,863
978-1-60413-619-7,Wide thousand over when,Ryan Allen,Science,2009-12-06,644
978-1-4158-9446-0,Scientist hand ok,Melissa Ortiz,Science,2021-05-20,145
978-1-60531-862-2,Begin car talk,Michael Adams,Fantasy,1977-04-03,614
978-0-7404-5115-7,Make beyond dark,Travis Tapia,Philosophy,1993-12-14,346
978-0-9987895-4-5,Three race relate central,Heather Garza,Non-Fiction,2019-11-26,728
978-1-63212-937-6,Anyone then PM,James Conway,Non-Fiction,1986-01-09,755
978-1-65062-968-1,Food gun language still do,Ronald Ortega,Mystery,1990-01-08,320
978-0-509-31397-9,Better against approach,Glenn Jackson,Mystery,1965-05-16,192
978-1-951587-09-3,Wall he around,Mr. Stephen Best Jr.,Fantasy,1998-08-19,623
978-1-84234-100-1,All morning gun if,Christina Mejia,Mystery,1968-01-09,949
978-0-8391-6707-5,Serious dream woman line computer,Phillip Johnson,Self-help,1997-04-06,353
978-0-01-617424-7,During standard catch magazine clearly,Elizabeth Kennedy,Mystery,1982-01-06,935
978-1-06-208580-8,Around line thought,Teresa Diaz,Philosophy,1980-03-14,343
978-0-7992-6342-8,After speech leave,Angela Warner,Fantasy,1979-04-08,816
978-1-55331-124-9,Team wish provide health research,Carla Porter,Biography,2024-10-08,429
978-1-334-10310-0,Daughter ask rest safe,Lauren Anderson,Fantasy,1971-12-30,422
978-0-7475-6027-2,Grow teach entire at,Christina Kidd,Fiction,1955-07-05,992
978-0-01-936654-0,Seat raise not where key,Andrea Snyder,Science,1958-05-11,428
978-1-107-79624-9,Live amount whole,Robert Moore,Non-Fiction,2020-07-15,988
978-1-917136-24-2,Before mention first,William Williams,Mystery,1970-01-16,538
978-1-5231-1069-8,Sister direction off,Jason Gentry,History,1987-08-19,523
978-1-74774-905-6,Point thank political able,Kristi Miller,History,2020-02-14,814
978-0-453-84361-4,Team interview brother,Deborah Taylor,Self-help,1992-07-01,123
978-1-148-72635-9,View future left pay,Linda Roberts,Philosophy,1982-06-25,70
978-1-4319-4172-8,Size air opportunity,Cynthia Dunlap,Romance,1988-03-24,366
978-0-15-353836-0,Evidence really chair,Shannon Porter,Philosophy,2014-09-17,718
978-1-130-05217-6,Performance trip any treat,Cameron Key,Self-help,1960-09-23,523
978-1-70485-934-7,Crime real appear part shake,Nicole Dunn,Philosophy,1976-10-24,886
978-0-680-25774-1,Happen six blue,Sarah Phillips,Philosophy,2022-12-21,762
978-1-108-92248-7,But hold one book air,Kristen Russo,Biography,1985-09-27,597
978-0-08-755547-1,Almost voice down,Seth Lawrence,Self-help,1984-05-05,783
978-0-15-140572-5,Direction serve eat discover,Patricia Matthews,Fiction,1966-04-08,812
978-1-877340-69-7,Success air his improve condition,Heather Davis,History,1980-12-12,516
978-1-302-00296-1,Population pressure,Ashley Black,Non-Fiction,2005-07-10,784
978-0-656-26964-8,Truth activity technology general,Michelle Jordan,Non-Fiction,1974-06-04,839
978-1-4077-2738-7,Debate simple once board,Brendan Perry,History,1976-12-04,301
978-0-924126-61-1,Look agree feeling,Lisa Williams,Biography,2018-06-13,591
978-0-428-33177-1,Anything everything west,Deborah Thomas,Fantasy,1969-03-19,732
978-0-14-176200-5,Difficult bring,Jacob Woodward,Philosophy,1974-07-12,351
978-0-14-825868-6,Type president pass fall,Amber Carrillo,Science,1961-07-22,763
978-1-5204-9600-9,Arm benefit rich,William Johnson,Philosophy,2023-06-05,594
978-0-276-84095-1,Those scene cultural,Mark Lee,Biography,1958-04-09,823
978-0-290-95648-5,May citizen rise,Justin Gibson,History,2012-01-03,869
978-0-00-689937-2,Stand enjoy,Cindy Carpenter,Fiction,1994-04-24,349
978-0-15-998066-8,College until,Raymond Duffy,Romance,1965-11-24,95
978-0-947050-28-3,Manage item drug,Julie Davila,Biography,1957-06-22,387
978-1-79168-173-9,Fast concern collection city student,Brandy Bishop,Philosophy,2017-03-18,538
